Pathway,score
Androgen,0.7798
EGFR,0.9845999999999999
Estrogen,0.26380000000000003
Hypoxia,0.95
JAK.STAT,0.9842
MAPK,0.9992000000000001
NFkB,1
p53,-0.6916
PI3K,0.4992000000000001
TGFb,-0.6819999999999999
TNFa,1
Trail,0.9905999999999999
VEGF,0.24419999999999997
WNT,-0.6936
