Pathway,score
Androgen,0.7766
EGFR,1
Estrogen,0.4967999999999999
Hypoxia,0.9794
JAK.STAT,0.9688000000000001
MAPK,1
NFkB,1
p53,-0.8652
PI3K,0.9174
TGFb,0.5132000000000001
TNFa,1
Trail,0.7891999999999999
VEGF,0.14759999999999995
WNT,-0.986
